<?xml version="1.0" encoding="UTF-8"?>
<root>
  <item name="com.google.android.exoplayer2.offline.DownloadManager.Task boolean changeStateAndNotify(int, int) 0">
    <annotation name="androidx.annotation.IntDef">
      <val name="value" val="{com.google.android.exoplayer2.offline.DownloadManager.TaskState.STATE_QUEUED, com.google.android.exoplayer2.offline.DownloadManager.TaskState.STATE_STARTED, com.google.android.exoplayer2.offline.DownloadManager.TaskState.STATE_COMPLETED, com.google.android.exoplayer2.offline.DownloadManager.TaskState.STATE_CANCELED, com.google.android.exoplayer2.offline.DownloadManager.TaskState.STATE_FAILED, com.google.android.exoplayer2.offline.DownloadManager.Task.STATE_QUEUED_CANCELING, com.google.android.exoplayer2.offline.DownloadManager.Task.STATE_STARTED_CANCELING, com.google.android.exoplayer2.offline.DownloadManager.Task.STATE_STARTED_STOPPING}" />
    </annotation>
  </item>
  <item name="com.google.android.exoplayer2.offline.DownloadManager.Task boolean changeStateAndNotify(int, int) 1">
    <annotation name="androidx.annotation.IntDef">
      <val name="value" val="{com.google.android.exoplayer2.offline.DownloadManager.TaskState.STATE_QUEUED, com.google.android.exoplayer2.offline.DownloadManager.TaskState.STATE_STARTED, com.google.android.exoplayer2.offline.DownloadManager.TaskState.STATE_COMPLETED, com.google.android.exoplayer2.offline.DownloadManager.TaskState.STATE_CANCELED, com.google.android.exoplayer2.offline.DownloadManager.TaskState.STATE_FAILED, com.google.android.exoplayer2.offline.DownloadManager.Task.STATE_QUEUED_CANCELING, com.google.android.exoplayer2.offline.DownloadManager.Task.STATE_STARTED_CANCELING, com.google.android.exoplayer2.offline.DownloadManager.Task.STATE_STARTED_STOPPING}" />
    </annotation>
  </item>
  <item name="com.google.android.exoplayer2.offline.DownloadManager.Task boolean changeStateAndNotify(int, int, java.lang.Throwable) 0">
    <annotation name="androidx.annotation.IntDef">
      <val name="value" val="{com.google.android.exoplayer2.offline.DownloadManager.TaskState.STATE_QUEUED, com.google.android.exoplayer2.offline.DownloadManager.TaskState.STATE_STARTED, com.google.android.exoplayer2.offline.DownloadManager.TaskState.STATE_COMPLETED, com.google.android.exoplayer2.offline.DownloadManager.TaskState.STATE_CANCELED, com.google.android.exoplayer2.offline.DownloadManager.TaskState.STATE_FAILED, com.google.android.exoplayer2.offline.DownloadManager.Task.STATE_QUEUED_CANCELING, com.google.android.exoplayer2.offline.DownloadManager.Task.STATE_STARTED_CANCELING, com.google.android.exoplayer2.offline.DownloadManager.Task.STATE_STARTED_STOPPING}" />
    </annotation>
  </item>
  <item name="com.google.android.exoplayer2.offline.DownloadManager.Task boolean changeStateAndNotify(int, int, java.lang.Throwable) 1">
    <annotation name="androidx.annotation.IntDef">
      <val name="value" val="{com.google.android.exoplayer2.offline.DownloadManager.TaskState.STATE_QUEUED, com.google.android.exoplayer2.offline.DownloadManager.TaskState.STATE_STARTED, com.google.android.exoplayer2.offline.DownloadManager.TaskState.STATE_COMPLETED, com.google.android.exoplayer2.offline.DownloadManager.TaskState.STATE_CANCELED, com.google.android.exoplayer2.offline.DownloadManager.TaskState.STATE_FAILED, com.google.android.exoplayer2.offline.DownloadManager.Task.STATE_QUEUED_CANCELING, com.google.android.exoplayer2.offline.DownloadManager.Task.STATE_STARTED_CANCELING, com.google.android.exoplayer2.offline.DownloadManager.Task.STATE_STARTED_STOPPING}" />
    </annotation>
  </item>
  <item name="com.google.android.exoplayer2.offline.DownloadManager.Task currentState">
    <annotation name="androidx.annotation.IntDef">
      <val name="value" val="{com.google.android.exoplayer2.offline.DownloadManager.TaskState.STATE_QUEUED, com.google.android.exoplayer2.offline.DownloadManager.TaskState.STATE_STARTED, com.google.android.exoplayer2.offline.DownloadManager.TaskState.STATE_COMPLETED, com.google.android.exoplayer2.offline.DownloadManager.TaskState.STATE_CANCELED, com.google.android.exoplayer2.offline.DownloadManager.TaskState.STATE_FAILED, com.google.android.exoplayer2.offline.DownloadManager.Task.STATE_QUEUED_CANCELING, com.google.android.exoplayer2.offline.DownloadManager.Task.STATE_STARTED_CANCELING, com.google.android.exoplayer2.offline.DownloadManager.Task.STATE_STARTED_STOPPING}" />
    </annotation>
  </item>
  <item name="com.google.android.exoplayer2.offline.DownloadManager.Task.InternalState">
    <annotation name="androidx.annotation.IntDef">
      <val name="value" val="{com.google.android.exoplayer2.offline.DownloadManager.TaskState.STATE_QUEUED, com.google.android.exoplayer2.offline.DownloadManager.TaskState.STATE_STARTED, com.google.android.exoplayer2.offline.DownloadManager.TaskState.STATE_COMPLETED, com.google.android.exoplayer2.offline.DownloadManager.TaskState.STATE_CANCELED, com.google.android.exoplayer2.offline.DownloadManager.TaskState.STATE_FAILED, com.google.android.exoplayer2.offline.DownloadManager.Task.STATE_QUEUED_CANCELING, com.google.android.exoplayer2.offline.DownloadManager.Task.STATE_STARTED_CANCELING, com.google.android.exoplayer2.offline.DownloadManager.Task.STATE_STARTED_STOPPING}" />
    </annotation>
  </item>
  <item name="com.google.android.exoplayer2.offline.DownloadManager.TaskState TaskState(int, com.google.android.exoplayer2.offline.DownloadAction, int, float, long, java.lang.Throwable) 2">
    <annotation name="androidx.annotation.IntDef">
      <val name="value" val="{com.google.android.exoplayer2.offline.DownloadManager.TaskState.STATE_QUEUED, com.google.android.exoplayer2.offline.DownloadManager.TaskState.STATE_STARTED, com.google.android.exoplayer2.offline.DownloadManager.TaskState.STATE_COMPLETED, com.google.android.exoplayer2.offline.DownloadManager.TaskState.STATE_CANCELED, com.google.android.exoplayer2.offline.DownloadManager.TaskState.STATE_FAILED}" />
    </annotation>
  </item>
  <item name="com.google.android.exoplayer2.offline.DownloadManager.TaskState java.lang.String getStateString(int) 0">
    <annotation name="androidx.annotation.IntDef">
      <val name="value" val="{com.google.android.exoplayer2.offline.DownloadManager.TaskState.STATE_QUEUED, com.google.android.exoplayer2.offline.DownloadManager.TaskState.STATE_STARTED, com.google.android.exoplayer2.offline.DownloadManager.TaskState.STATE_COMPLETED, com.google.android.exoplayer2.offline.DownloadManager.TaskState.STATE_CANCELED, com.google.android.exoplayer2.offline.DownloadManager.TaskState.STATE_FAILED}" />
    </annotation>
  </item>
  <item name="com.google.android.exoplayer2.offline.DownloadManager.TaskState state">
    <annotation name="androidx.annotation.IntDef">
      <val name="value" val="{com.google.android.exoplayer2.offline.DownloadManager.TaskState.STATE_QUEUED, com.google.android.exoplayer2.offline.DownloadManager.TaskState.STATE_STARTED, com.google.android.exoplayer2.offline.DownloadManager.TaskState.STATE_COMPLETED, com.google.android.exoplayer2.offline.DownloadManager.TaskState.STATE_CANCELED, com.google.android.exoplayer2.offline.DownloadManager.TaskState.STATE_FAILED}" />
    </annotation>
  </item>
  <item name="com.google.android.exoplayer2.offline.DownloadManager.TaskState.State">
    <annotation name="androidx.annotation.IntDef">
      <val name="value" val="{com.google.android.exoplayer2.offline.DownloadManager.TaskState.STATE_QUEUED, com.google.android.exoplayer2.offline.DownloadManager.TaskState.STATE_STARTED, com.google.android.exoplayer2.offline.DownloadManager.TaskState.STATE_COMPLETED, com.google.android.exoplayer2.offline.DownloadManager.TaskState.STATE_CANCELED, com.google.android.exoplayer2.offline.DownloadManager.TaskState.STATE_FAILED}" />
    </annotation>
  </item>
</root>

