<?xml version="1.0" encoding="UTF-8"?>
<root>
  <item name="com.google.android.exoplayer2.upstream.DataSpec DataSpec(android.net.Uri, byte[], long, long, long, java.lang.String, int) 6">
    <annotation name="androidx.annotation.IntDef">
      <val name="flag" val="true" />
      <val name="value" val="{com.google.android.exoplayer2.upstream.DataSpec.FLAG_ALLOW_GZIP, com.google.android.exoplayer2.upstream.DataSpec.FLAG_ALLOW_CACHING_UNKNOWN_LENGTH}" />
    </annotation>
  </item>
  <item name="com.google.android.exoplayer2.upstream.DataSpec DataSpec(android.net.Uri, int) 1">
    <annotation name="androidx.annotation.IntDef">
      <val name="flag" val="true" />
      <val name="value" val="{com.google.android.exoplayer2.upstream.DataSpec.FLAG_ALLOW_GZIP, com.google.android.exoplayer2.upstream.DataSpec.FLAG_ALLOW_CACHING_UNKNOWN_LENGTH}" />
    </annotation>
  </item>
  <item name="com.google.android.exoplayer2.upstream.DataSpec DataSpec(android.net.Uri, int, byte[], long, long, long, java.lang.String, int) 1">
    <annotation name="androidx.annotation.IntDef">
      <val name="value" val="{com.google.android.exoplayer2.upstream.DataSpec.HTTP_METHOD_GET, com.google.android.exoplayer2.upstream.DataSpec.HTTP_METHOD_POST, com.google.android.exoplayer2.upstream.DataSpec.HTTP_METHOD_HEAD}" />
    </annotation>
  </item>
  <item name="com.google.android.exoplayer2.upstream.DataSpec DataSpec(android.net.Uri, int, byte[], long, long, long, java.lang.String, int) 7">
    <annotation name="androidx.annotation.IntDef">
      <val name="flag" val="true" />
      <val name="value" val="{com.google.android.exoplayer2.upstream.DataSpec.FLAG_ALLOW_GZIP, com.google.android.exoplayer2.upstream.DataSpec.FLAG_ALLOW_CACHING_UNKNOWN_LENGTH}" />
    </annotation>
  </item>
  <item name="com.google.android.exoplayer2.upstream.DataSpec DataSpec(android.net.Uri, long, long, java.lang.String, int) 4">
    <annotation name="androidx.annotation.IntDef">
      <val name="flag" val="true" />
      <val name="value" val="{com.google.android.exoplayer2.upstream.DataSpec.FLAG_ALLOW_GZIP, com.google.android.exoplayer2.upstream.DataSpec.FLAG_ALLOW_CACHING_UNKNOWN_LENGTH}" />
    </annotation>
  </item>
  <item name="com.google.android.exoplayer2.upstream.DataSpec DataSpec(android.net.Uri, long, long, long, java.lang.String, int) 5">
    <annotation name="androidx.annotation.IntDef">
      <val name="flag" val="true" />
      <val name="value" val="{com.google.android.exoplayer2.upstream.DataSpec.FLAG_ALLOW_GZIP, com.google.android.exoplayer2.upstream.DataSpec.FLAG_ALLOW_CACHING_UNKNOWN_LENGTH}" />
    </annotation>
  </item>
  <item name="com.google.android.exoplayer2.upstream.DataSpec boolean isFlagSet(int) 0">
    <annotation name="androidx.annotation.IntDef">
      <val name="flag" val="true" />
      <val name="value" val="{com.google.android.exoplayer2.upstream.DataSpec.FLAG_ALLOW_GZIP, com.google.android.exoplayer2.upstream.DataSpec.FLAG_ALLOW_CACHING_UNKNOWN_LENGTH}" />
    </annotation>
  </item>
  <item name="com.google.android.exoplayer2.upstream.DataSpec flags">
    <annotation name="androidx.annotation.IntDef">
      <val name="flag" val="true" />
      <val name="value" val="{com.google.android.exoplayer2.upstream.DataSpec.FLAG_ALLOW_GZIP, com.google.android.exoplayer2.upstream.DataSpec.FLAG_ALLOW_CACHING_UNKNOWN_LENGTH}" />
    </annotation>
  </item>
  <item name="com.google.android.exoplayer2.upstream.DataSpec httpMethod">
    <annotation name="androidx.annotation.IntDef">
      <val name="value" val="{com.google.android.exoplayer2.upstream.DataSpec.HTTP_METHOD_GET, com.google.android.exoplayer2.upstream.DataSpec.HTTP_METHOD_POST, com.google.android.exoplayer2.upstream.DataSpec.HTTP_METHOD_HEAD}" />
    </annotation>
  </item>
  <item name="com.google.android.exoplayer2.upstream.DataSpec java.lang.String getStringForHttpMethod(int) 0">
    <annotation name="androidx.annotation.IntDef">
      <val name="value" val="{com.google.android.exoplayer2.upstream.DataSpec.HTTP_METHOD_GET, com.google.android.exoplayer2.upstream.DataSpec.HTTP_METHOD_POST, com.google.android.exoplayer2.upstream.DataSpec.HTTP_METHOD_HEAD}" />
    </annotation>
  </item>
  <item name="com.google.android.exoplayer2.upstream.DataSpec.Flags">
    <annotation name="androidx.annotation.IntDef">
      <val name="flag" val="true" />
      <val name="value" val="{com.google.android.exoplayer2.upstream.DataSpec.FLAG_ALLOW_GZIP, com.google.android.exoplayer2.upstream.DataSpec.FLAG_ALLOW_CACHING_UNKNOWN_LENGTH}" />
    </annotation>
  </item>
  <item name="com.google.android.exoplayer2.upstream.DataSpec.HttpMethod">
    <annotation name="androidx.annotation.IntDef">
      <val name="value" val="{com.google.android.exoplayer2.upstream.DataSpec.HTTP_METHOD_GET, com.google.android.exoplayer2.upstream.DataSpec.HTTP_METHOD_POST, com.google.android.exoplayer2.upstream.DataSpec.HTTP_METHOD_HEAD}" />
    </annotation>
  </item>
  <item name="com.google.android.exoplayer2.upstream.DefaultBandwidthMeter.Builder com.google.android.exoplayer2.upstream.DefaultBandwidthMeter.Builder setInitialBitrateEstimate(int, long) 0">
    <annotation name="androidx.annotation.IntDef">
      <val name="value" val="{com.google.android.exoplayer2.C.NETWORK_TYPE_UNKNOWN, com.google.android.exoplayer2.C.NETWORK_TYPE_OFFLINE, com.google.android.exoplayer2.C.NETWORK_TYPE_WIFI, com.google.android.exoplayer2.C.NETWORK_TYPE_2G, com.google.android.exoplayer2.C.NETWORK_TYPE_3G, com.google.android.exoplayer2.C.NETWORK_TYPE_4G, com.google.android.exoplayer2.C.NETWORK_TYPE_CELLULAR_UNKNOWN, com.google.android.exoplayer2.C.NETWORK_TYPE_ETHERNET, com.google.android.exoplayer2.C.NETWORK_TYPE_OTHER}" />
    </annotation>
  </item>
  <item name="com.google.android.exoplayer2.upstream.DefaultHttpDataSource java.net.HttpURLConnection makeConnection(java.net.URL, int, byte[], long, long, boolean, boolean) 1">
    <annotation name="androidx.annotation.IntDef">
      <val name="value" val="{com.google.android.exoplayer2.upstream.DataSpec.HTTP_METHOD_GET, com.google.android.exoplayer2.upstream.DataSpec.HTTP_METHOD_POST, com.google.android.exoplayer2.upstream.DataSpec.HTTP_METHOD_HEAD}" />
    </annotation>
  </item>
  <item name="com.google.android.exoplayer2.upstream.HttpDataSource.HttpDataSourceException HttpDataSourceException(com.google.android.exoplayer2.upstream.DataSpec, int) 1">
    <annotation name="androidx.annotation.IntDef">
      <val name="value" val="{com.google.android.exoplayer2.upstream.HttpDataSource.HttpDataSourceException.TYPE_OPEN, com.google.android.exoplayer2.upstream.HttpDataSource.HttpDataSourceException.TYPE_READ, com.google.android.exoplayer2.upstream.HttpDataSource.HttpDataSourceException.TYPE_CLOSE}" />
    </annotation>
  </item>
  <item name="com.google.android.exoplayer2.upstream.HttpDataSource.HttpDataSourceException HttpDataSourceException(java.io.IOException, com.google.android.exoplayer2.upstream.DataSpec, int) 2">
    <annotation name="androidx.annotation.IntDef">
      <val name="value" val="{com.google.android.exoplayer2.upstream.HttpDataSource.HttpDataSourceException.TYPE_OPEN, com.google.android.exoplayer2.upstream.HttpDataSource.HttpDataSourceException.TYPE_READ, com.google.android.exoplayer2.upstream.HttpDataSource.HttpDataSourceException.TYPE_CLOSE}" />
    </annotation>
  </item>
  <item name="com.google.android.exoplayer2.upstream.HttpDataSource.HttpDataSourceException HttpDataSourceException(java.lang.String, com.google.android.exoplayer2.upstream.DataSpec, int) 2">
    <annotation name="androidx.annotation.IntDef">
      <val name="value" val="{com.google.android.exoplayer2.upstream.HttpDataSource.HttpDataSourceException.TYPE_OPEN, com.google.android.exoplayer2.upstream.HttpDataSource.HttpDataSourceException.TYPE_READ, com.google.android.exoplayer2.upstream.HttpDataSource.HttpDataSourceException.TYPE_CLOSE}" />
    </annotation>
  </item>
  <item name="com.google.android.exoplayer2.upstream.HttpDataSource.HttpDataSourceException HttpDataSourceException(java.lang.String, java.io.IOException, com.google.android.exoplayer2.upstream.DataSpec, int) 3">
    <annotation name="androidx.annotation.IntDef">
      <val name="value" val="{com.google.android.exoplayer2.upstream.HttpDataSource.HttpDataSourceException.TYPE_OPEN, com.google.android.exoplayer2.upstream.HttpDataSource.HttpDataSourceException.TYPE_READ, com.google.android.exoplayer2.upstream.HttpDataSource.HttpDataSourceException.TYPE_CLOSE}" />
    </annotation>
  </item>
  <item name="com.google.android.exoplayer2.upstream.HttpDataSource.HttpDataSourceException type">
    <annotation name="androidx.annotation.IntDef">
      <val name="value" val="{com.google.android.exoplayer2.upstream.HttpDataSource.HttpDataSourceException.TYPE_OPEN, com.google.android.exoplayer2.upstream.HttpDataSource.HttpDataSourceException.TYPE_READ, com.google.android.exoplayer2.upstream.HttpDataSource.HttpDataSourceException.TYPE_CLOSE}" />
    </annotation>
  </item>
  <item name="com.google.android.exoplayer2.upstream.HttpDataSource.HttpDataSourceException.Type">
    <annotation name="androidx.annotation.IntDef">
      <val name="value" val="{com.google.android.exoplayer2.upstream.HttpDataSource.HttpDataSourceException.TYPE_OPEN, com.google.android.exoplayer2.upstream.HttpDataSource.HttpDataSourceException.TYPE_READ, com.google.android.exoplayer2.upstream.HttpDataSource.HttpDataSourceException.TYPE_CLOSE}" />
    </annotation>
  </item>
  <item name="com.google.android.exoplayer2.upstream.Loader.LoadErrorAction LoadErrorAction(int, long) 0">
    <annotation name="androidx.annotation.IntDef">
      <val name="value" val="{com.google.android.exoplayer2.upstream.Loader.ACTION_TYPE_RETRY, com.google.android.exoplayer2.upstream.Loader.ACTION_TYPE_RETRY_AND_RESET_ERROR_COUNT, com.google.android.exoplayer2.upstream.Loader.ACTION_TYPE_DONT_RETRY, com.google.android.exoplayer2.upstream.Loader.ACTION_TYPE_DONT_RETRY_FATAL}" />
    </annotation>
  </item>
  <item name="com.google.android.exoplayer2.upstream.Loader.LoadErrorAction type">
    <annotation name="androidx.annotation.IntDef">
      <val name="value" val="{com.google.android.exoplayer2.upstream.Loader.ACTION_TYPE_RETRY, com.google.android.exoplayer2.upstream.Loader.ACTION_TYPE_RETRY_AND_RESET_ERROR_COUNT, com.google.android.exoplayer2.upstream.Loader.ACTION_TYPE_DONT_RETRY, com.google.android.exoplayer2.upstream.Loader.ACTION_TYPE_DONT_RETRY_FATAL}" />
    </annotation>
  </item>
</root>

